#X + 1,#X + 1,No digi-rooting,,,,,,,,,,,,,,,,,,#X + 0,No digi-rooting,,,,,,,,,,,,,,,,,,,(#X + 0) + (#X + 1),No digi-rooting,,,,,,,,,,,,,,,,,,,,,(#X + 0) - (#X + 1),No digi-rooting,,,,,,,,,,,,,,,,,,,,,,(#X + 1) - (#X + 0),No digi-rooting,,,,,,,,,,,,,,,,,,,,(#X + 0/1) +/- (#X + 0/1) - Rule; 0/1 ≠ 0/1,No digi-rooting,,,,,,,,,,,,,,,
,,,,,,,,,,,,,,,,,,,,,,,,,,,,,,,,,,,,,,,,Root of Doubling Motif,,,,,,,,,,,,,,,,,,,,8844,,Root of Doubling Motif,,,,,,,,,,,,,,,,,,,,,,,Root of Doubling Motif,,,,,,,,,,,,,,,,,,,,,Root of Doubling Motif,,,,,,,,,,,,,,,,
,,Position,0,1,2,3,4,5,6,7,8,9,,10,11,,,,,,Position,0,1,2,3,4,5,6,7,8,9,,10,11,,,,,,,Position,0,1,2,3,4,5,6,7,8,9,,10,11,,,,,,8844 / 12 = 737 -->> 737 = 11 x 67,,,Position,0,1,2,3,4,5,6,7,8,9,,10,11,,,,,,,,,,Position,0,1,2,3,4,5,6,7,8,9,,10,11,,,,,,,,Position,0,1,2,3,4,5,6,7,8,9,,10,11,,
,Vortex ID,Fractions and fraction inner sums,,,,,,,,,,,,,,,,,,Vortex ID,,,,,,,,,,,,,,,,,,,,Vortex ID,,,,,,,,,,,,,,,,,,,,11 x 67 ->> 2 x 4,,Vortex ID,,,,,,,,,,,,,,,,,,,,,,,Vortex ID,,,,,,,,,,,,,,,,,,,,,Vortex ID,,,,,,,,,,,,,,,,
,0X + 1,1.000r = 1/1 - sum = 2,1,1,1,1,1,1,1,1,1,1,,1,1,10,,12,,0X + 0,0.000r = 0/0 - sum = 0,0,0,0,0,0,0,0,0,0,0,,0,0,0,,0,,,(0X + 0) + (0X + 1),0.000r + 1.000r = (0/1)/(0/1),1,1,1,1,1,1,1,1,1,1,,1,1,,10,,12,,,,(0X + 0) - (0X + 1),,-1,-1,-1,-1,-1,-1,-1,-1,-1,-1,,-1,-1,,-10,,-12,,,,,(0X + 1) - (0X + 0),,1,1,1,1,1,1,1,1,1,1,,1,1,,,,,,,(0X + 0/1) +/- (0X + 0/1),,-1/0/1,-1/0/1,-1/0/1,-1/0/1,-1/0/1,-1/0/1,-1/0/1,-1/0/1,-1/0/1,-1/0/1,,-1/0/1,-1/0/1,,
,1X + 1,1.111r = 10/9 - sum = 19,1,2,3,4,5,6,7,8,9,10,,11,12,55,,78,,1X + 0,0.111r = 1/9 - sum = 10,0,1,2,3,4,5,6,7,8,9,,10,11,45,,66,,,(1X + 0) + (1X + 1),0.111r + 1.111r = 1.222r = 11/9,1,3,5,7,9,11,13,15,17,19,,21,23,,100,,144,,,,(1X + 0) - (1X + 1),,-1,-1,-1,-1,-1,-1,-1,-1,-1,-1,,-1,-1,,-10,,-12,,,,,(1X + 1) - (1X + 0),,1,1,1,1,1,1,1,1,1,1,,1,1,,,,,,,(1X + 0/1) +/- (1X + 0/1),,-1/0/1,-1/1/3,-1/1/5,-1/1/7,-1/1/9,-1/1/11,-1/1/13,-1/1/15,-1/1/17,-1/1/19,,-1/1/21,-1/1/23,,
,2X + 1,1.222r = 11/9 - sum = 20,1,3,5,7,9,11,13,15,17,19,,21,23,100,,144,,2X + 0,0.222r = 2/9 - sum = 11,0,2,4,6,8,10,12,14,16,18,,20,22,90,,132,,,(2X + 0) + (2X + 1),0.222r + 1.222r = 1.444r = 13/9,1,5,9,13,17,21,25,29,33,37,,41,45,,190,,276,,,,(2X + 0) - (2X + 1),,-1,-1,-1,-1,-1,-1,-1,-1,-1,-1,,-1,-1,,-10,,-12,,,,,(2X + 1) - (2X + 0),,1,1,1,1,1,1,1,1,1,1,,1,1,,,,,,,(2X + 0/1) +/- (2X + 0/1),,-1/0/1,-1/1/5,-1/1/9,-1/1/13,-1/1/17,-1/1/21,-1/1/25,-1/1/29,-1/1/33,-1/1/37,,-1/1/41,-1/1/45,,
,3X + 1,1.333r = 4/3 - sum = 7,1,4,7,10,13,16,19,22,25,28,,31,34,145,,210,,3X + 0,0.333r = 1/3 - sum = 4!,0,3,6,9,12,15,18,21,24,27,,30,33,135,,198,,,(3X + 0) + (3X + 1),0.333r + 1.333r = 1.666r = 5/3,1,7,13,19,25,31,37,43,49,55,,61,67,,280,,408,,,,(3X + 0) - (3X + 1),,-1,-1,-1,-1,-1,-1,-1,-1,-1,-1,,-1,-1,,-10,,-12,,,,,(3X + 1) - (3X + 0),,1,1,1,1,1,1,1,1,1,1,,1,1,,,,,,,(3X + 0/1) +/- (3X + 0/1),,-1/0/1,-1/1/7,-1/1/13,-1/1/19,-1/1/25,-1/1/31,-1/1/37,-1/1/43,-1/1/49,-1/1/55,,-1/1/61,-1/1/67,,
,4X + 1,1.444r = 13/9 - sum = 22,1,5,9,13,17,21,25,29,33,37,,41,45,190,,276,,4X + 0,0.444r = 4/9 - sum = 13,0,4,8,12,16,20,24,28,32,36,,40,44,180,,264,,,(4X + 0) + (4X + 1),0.444r + 1.444r = 1.888r = 17/9,1,9,17,25,33,41,49,57,65,73,,81,89,,370,,540,,,,(4X + 0) - (4X + 1),,-1,-1,-1,-1,-1,-1,-1,-1,-1,-1,,-1,-1,,-10,,-12,,,,,(4X + 1) - (4X + 0),,1,1,1,1,1,1,1,1,1,1,,1,1,,,,,,,(4X + 0/1) +/- (4X + 0/1),,-1/0/1,-1/1/9,-1/1/17,-1/1/25,-1/1/33,-1/1/41,-1/1/49,-1/1/57,-1/1/65,-1/1/73,,-1/1/81,-1/1/89,,
,5X + 1,1.555r = 14/9 - sum = 24!,1,6,11,16,21,26,31,36,41,46,,51,56,235,,342,,5X + 0,0.555r = 5/9 - sum = 14,0,5,10,15,20,25,30,35,40,45,,50,55,225,,330,,,(5X + 0) + (5X + 1),0.555r + 1.555r = 2.111r = 19/9,1,11,21,31,41,51,61,71,81,91,,101,111,,460,,672,,,,(5X + 0) - (5X + 1),,-1,-1,-1,-1,-1,-1,-1,-1,-1,-1,,-1,-1,,-10,,-12,,,,,(5X + 1) - (5X + 0),,1,1,1,1,1,1,1,1,1,1,,1,1,,,,,,,(5X + 0/1) +/- (5X + 0/1),,-1/0/1,-1/1/11,-1/1/21,-1/1/31,-1/1/41,-1/1/51,-1/1/61,-1/1/71,-1/1/81,-1/1/91,,-1/1/101,-1/1/111,,
,6X + 1,1.666r = 5/3 - sum = 8!,1,7,13,19,25,31,37,43,49,55,,61,67,280,,408,,6X + 0,0.666r = 2/3 - sum = 5,0,6,12,18,24,30,36,42,48,54,,60,66,270,,396,,,(6X + 0) + (6X + 1),0.666r + 1.666r = 2.333r = 7/3,1,13,25,37,49,61,73,85,97,109,,121,133,,550,,804,,,,(6X + 0) - (6X + 1),,-1,-1,-1,-1,-1,-1,-1,-1,-1,-1,,-1,-1,,-10,,-12,,,,,(6X + 1) - (6X + 0),,1,1,1,1,1,1,1,1,1,1,,1,1,,,,,,,(6X + 0/1) +/- (6X + 0/1),,-1/0/1,-1/1/13,-1/1/25,-1/1/37,-1/1/49,-1/1/61,-1/1/73,-1/1/85,-1/1/97,-1/1/109,,-1/1/121,-1/1/133,,
,7X + 1 !!!!,1.777r = 16/9 - sum = 25 (x4 - 64/36 - sum = 100),1,8,15,22,29,36,43,50,57,64,,71,78,325,,474,,7X + 0,0.777r = 7/9 - sum = 16!,0,7,14,21,28,35,42,49,56,63,,70,77,315,,462,,,(7X + 0) + (7X + 1),0.777r + 1.777r = 2.555r = 23/9,1,15,29,43,57,71,85,99,113,127,,141,155,,640,,936,,,,(7X + 0) - (7X + 1),,-1,-1,-1,-1,-1,-1,-1,-1,-1,-1,,-1,-1,,-10,,-12,,,,,(7X + 1) - (7X + 0),,1,1,1,1,1,1,1,1,1,1,,1,1,,,,,,,(7X + 0/1) +/- (7X + 0/1),,-1/0/1,-1/1/15,-1/1/29,-1/1/43,-1/1/57,-1/1/71,-1/1/85,-1/1/99,-1/1/113,-1/1/127,,-1/1/141,-1/1/155,,
,8X + 1,1.888r = 17/9 - sum = 26,1,9,17,25,33,41,49,57,65,73,,81,89,370,,540,,8X + 0 !!!,0.888r = 8/9 - sum = 17 (8x9 = 72!!),0,8,16,24,32,40,48,56,64,72,,80,88,360,!!!,528,,,(8X + 0) + (8X + 1),0.888r + 1.888r = 2.777r = 25/9,1,17,33,49,65,81,97,113,129,145,,161,177,,730,,1068,,,,(8X + 0) - (8X + 1),,-1,-1,-1,-1,-1,-1,-1,-1,-1,-1,,-1,-1,,-10,,-12,,,,,(8X + 1) - (8X + 0),,1,1,1,1,1,1,1,1,1,1,,1,1,,,,,,,(8X + 0/1) +/- (8X + 0/1),,-1/0/1,-1/1/17,-1/1/33,-1/1/49,-1/1/65,-1/1/81,-1/1/97,-1/1/113,-1/1/129,-1/1/145,,-1/1/161,-1/1/177,,
,9X + 1,1.999r = 2/2 = 1/1 - sum = 4 and 2! (i.e QL 4 + 2) ,1,10,19,28,37,46,55,64,73,82,,91,100,415,,606,,9X + 0,0.999r = 1/1 - sum = 2,0,9,18,27,36,45,54,63,72,81,,90,99,405,,594,,,(9X + 0) + (9X + 1),0.999r + 1.999r = 2.999r = 3/3 = 2/2 = 1/1 - sum 6/4/2 = 12,1,19,37,55,73,91,109,127,145,163,,181,199,,820,,1200,,,,(9X + 0) - (9X + 1),,-1,-1,-1,-1,-1,-1,-1,-1,-1,-1,,-1,-1,,-10,,-12,,,,,(9X + 1) - (9X + 0),,1,1,1,1,1,1,1,1,1,1,,1,1,,,,,,,(9X + 0/1) +/- (9X + 0/1),,-1/0/1,-1/1/19,-1/1/37,-1/1/55,-1/1/73,-1/1/91,-1/1/109,-1/1/127,-1/1/145,-1/1/163,,-1/1/181,-1/1/199,,
,,,,,,,,,,,,,,,,,,,,,,,,,,,,,,,,,,,,,,,,,,,,,,,,,,,,,,,,,,,,,,,,,,,,,,,,,,,,,,,,,,,,,,,,,,,,,,,,,,,,,,,,,,,,,,,,,,,,,,,,,,
,10X + 1,1.101010r = 109/99 - sum = 208,1,11,21,31,41,51,61,71,81,91,,101,111,Integral Transcendent Square ,,672,,10X + 0,0.101010r = 101/999 = 1100,0,10,20,30,40,50,60,70,80,90,,100,110,,,660,,,(10X + 0) + (10X + 1),,1,21,41,61,81,101,121,141,161,181,,201,221,,,,1332,,,,(10X + 0) - (10X + 1),,-1,-1,-1,-1,-1,-1,-1,-1,-1,-1,,-1,-1,,,,-12,,,,,(10X + 1) - (10X + 0),,1,1,1,1,1,1,1,1,1,1,,1,1,,,,,,,(10X + 0/1) +/- (10X + 0/1),,-1/0/1,-1/1/21,-1/1/41,-1/1/61,-1/1/81,-1/1/101,-1/1/121,-1/1/141,-1/1/161,-1/1/181,,-1/1/201,-1/1/221,,
,11X + 1,1.111111r = 10/9 - sum = 19,1,12,23,34,45,56,67,78,89,100,,111,122,Combines Matrices,,738,,11X + 0,0.111111r = 1/9 - sum = 10,0,11,22,33,44,55,66,77,88,99,,110,121,,,726,,,(11X + 0) + (11X + 1),,1,23,45,67,89,111,133,155,177,199,,221,243,,,,1464,,,,(11X + 0) - (11X + 1),,-1,-1,-1,-1,-1,-1,-1,-1,-1,-1,,-1,-1,,,,-12,,,,,(11X + 1) - (11X + 0),,1,1,1,1,1,1,1,1,1,1,,1,1,,,,,,,(11X + 0/1) +/- (11X + 0/1),,-1/0/1,-1/1/23,-1/1/45,-1/1/67,-1/1/89,-1/1/111,-1/1/133,-1/1/155,-1/1/177,-1/1/199,,-1/1/221,-1/1/243,,
,,,,,,,,,,,,,,,,,,,,,,,,,,,,,,,,,,,,,,,,,,,,,,,,,,,,,,,,,,,,,,,,,,,,,,,,,,,,,,,,,,,,,,,,,,,,,,,,,,,,,,,,,,,,,,,,,,,,,,,,,,
,,,,,,,,,,,,,,Sum,445,10,2125,12,4500,,,,,,,,,,,,,,sum,441,0,2025,0,4356,,,,,,,,,,,,,,,sum,886,,10,4150,12,8856,,,,,,,,,,,,,,,,,,,-10,-100,-12,-144,,,,,,,,,,,,,,,,,,,,,,,,,,,,,,,,,,,,,,,,,
,,,,,,,,,,,,,,sum of dif,63,65,2115,90,4488,,,,,,,,,,,,,,sum of dif,63,45,2025,66,4356,,,,,,,,,,,,,,,sum of dif,126,,110,4140,156,8844,,,,,,,,,,,,,,,,,,,-20,-90,-24,-132,,,,,,,,,,,,,,,,,,,,,,,,,,,,,,,,,,,,,,,,,
,,,,,,,,,,,,,,,,165,2060,234,4410,,,,,,,,,,,,,,,,135,1980,198,4290,,,,,,,,,,,,,,,,,,300,4040,432,8700,,,,,,,,,,,,,,,,,,,-30,-80,-36,-120,,,,,,,,,,,,,,,,,,,,,,,,,,,,,,,,,,,,,,,,,
,,,,,,,,,,,,,,,,310,1960,444,4266,,,,,,,,,,,,,,,,270,1890,396,4158,,,,,,,,,,,,,,,,,,580,3850,840,8424,,,,,,,,,,,,,,,,,,,-40,-70,-48,-108,,,,,,,,,,,,,,,,,,,,,,,,,,,,,,,,,,,,,,,,,
,,,,,,,,,,,,,,,,500,1815,720,4056,,,,,,,,,,,,,,,,450,1755,660,3960,,,,,,,,,,,,,,,,,,950,3570,1380,8016,,,,,,,,,,,,,,,,,,,-50,-60,-60,-96,,,,,,,,,,,,,,,,,,,,,,,,,,,,,,,,,,,,,,,,,
,,,,,,,,,,,,,,,,735,1625,1062,3780,,,,,,,,,,,,,,,,675,1575,990,3696,,,,,,,,,,,,,,,,,,1410,3200,2052,7476,,,,,,,,,,,,,,,,,,,-60,-50,-72,-84,,,,,,,,,,,,,,,,,,,,,,,,,,,,,,,,,,,,,,,,,
,,,,,,,,,,,,,,,,1015,1390,1470,3438,,,,,,,,,,,,,,,,945,1350,1386,3366,,,,,,,,,,,,,,,,,,1960,2740,2856,6804,,,,,,,,,,,,,,,,,,,-70,-40,-84,-72,,,,,,,,,,,,,,,,,,,,,,,,,,,,,,,,,,,,,,,,,
,,,,,,,,,,,,,,,,1340,1110,1944,3030,,,,,,,,,,,,,,,,1260,1080,1848,2970,,,,,,,,,,,,,,,,,,2600,2190,3792,6000,,,,,,,,,,,,,,,,,,,-80,-30,-96,-60,,,,,,,,,,,,,,,,,,,,,,,,,,,,,,,,,,,,,,,,,
,,,,,,,,,,,,,,,,1710,785,2484,2556,,,,,,,,,,,,,,,,1620,765,2376,2508,,,,,,,,,,,,,,,,,,3330,1550,4860,5064,,,,,,,,,,,,,,,,,,,-90,-20,-108,-48,,,,,,,,,,,,,,,,,,,,,,,,,,,,,,,,,,,,,,,,,
,,,,,,,,,,,,,,,,2125,415,3090,2016,,,,,,,,,,,,,,,,2025,405,2970,1980,,,,,,,,,,,,,,,,,,4150,820,6060,3996,,,,,,,,,,,,,,,,,,,-100,-10,-120,-36,,,,,,,,,,,,,,,,,,,,,,,,,,,,,,,,,,,,,,,,,
,,,,,,,,,,,,,,,,,,3762,1410,,,,,,,,,,,,,,,,,,3630,1386,,,,,,,,,,,,,,,,,,,,7392,2796,,,,,,,,,,,,,,,,,,,,,-132,-24,,,,,,,,,,,,,,,,,,,,,,,,,,,,,,,,,,,,,,,,,
,,,,,,,,,,,,,,,,,,4500,738,,,,,,,,,,,,,,,,,,4356,726,,,,,,,,,,,,,,,,,,,,8856,1464,,,,,,,,,,,,,,,,,,,,,-144,-12,,,,,,,,,,,,,,,,,,,,,,,,,,,,,,,,,,,,,,,,,
,,,,,,,,,,,,,,,,,,,,,,,,,,,,,,,,,,,,,,,,,,,,,,,,,,,,,,,,,,,,,,,,,,,,,,,,,,,,,,,,,,,,,,,,,,,,,,,,,,,,,,,,,,,,,,,,,,,,,,,,,,
,,,,,,,,,,,,,,,,,,,,,,,,,,,,,,,,,,,,,,,,,,,,,,,,,,,,,,,,4140,,8844,,,,,,,,,,,,,,,,,,,,,,,,,,,,,,,,,,,,,,,,,,,,,,,,,,,,,,,,,,,,,,,,
,,,,,,,,,,,,,,,,,,,,,,,,,,,,,,,,,,,,,,,,,,,,,,,,,,,,,,,,,,,,,,,,,,,,,,,,,,,sum,-4,,,,,,,,,,,,,,,,,,,,,,sum,4,,,,,,,,,,,,,,,,,,,,sum,-4/4/886,,
,,,,,,,,,,,,,,,,,,,,,,,,,,,,,,,,,,,,,,,,,,,,,,,,,,,,,,,,,,,,,,,,,,,,,,,,,,,sum of dif,0,,,,,,,,,,,,,,,,,,,,,,sum of dif,0,,,,,,,,,,,,,,,,,,,,sum of dif,0/0/126,,
,#X + 1,Digi-rooting,,,,,,,,,,,,,,,,,,#X + 0,Digi-rooting,,,,,,,,,,,,,,,,,,,(#X + 0) + (#X + 1),Digi-rooting,,,,,,,,,,,,,,,,,,,,,(#X + 0) - (#X + 1),Digi-rooting,,,,,,,,,,,,,,,,,,,,,,(#X + 1) - (#X + 0),Digi-rooting,,,,,,,,,,,,,,,,,,,,(#X + 0/1) +/- (#X + 0/1) ,Digi-rooting,,,,,,,,,,,,,,,
,,,,,,,,,,,,,,,,,,,,,,,,,,,,,,,,,,,,,,,,,,,,,,,,,,,,,,,,,,,,,,,,,,,,,,,,,,,,,,,,,,,,,,,,,,,,,,,,,,,,,,,,,,,,,,,,,,,,,,,,,,
,,Position,0,1,2,3,4,5,6,7,8,9,,10,11,,,,,,Position,0,1,2,3,4,5,6,7,8,9,,10,11,,,,,,,Position,0,1,2,3,4,5,6,7,8,9,,10,11,,,,,,,,,Position,0,1,2,3,4,5,6,7,8,9,,10,11,,,,,,,,,,Position,0,1,2,3,4,5,6,7,8,9,,10,11,,,,,,,,Position,0,1,2,3,4,5,6,7,8,9,,10,11,,
,Vortex ID,Digi-root Infinite Recursion Series,,,,,,,,,,,,,,,,,,Vortex ID,,,,,,,,,,,,,,,,,,,,Vortex ID,,,,,,,,,,,,,,,,,,,,,,Vortex ID,,,,,,,,,,,,,,,,,,,,,,,Vortex ID,,,,,,,,,,,,,,,,,,,,,Vortex ID,,,,,,,,,,,,,,,,
,0X + 1,"1.000r -->> 1, 1, 1, ad inf",1,1,1,1,1,1,1,1,1,1,,1,1,1,,3,,0X + 0,,0,0,0,0,0,0,0,0,0,0,,0,0,0,,0,,,(0X + 0) + (0X + 1),,1,1,1,1,1,1,1,1,1,1,,1,1,,1,,3,,,,(0X + 0) - (0X + 1),,1,1,1,1,1,1,1,1,1,1,,1,1,,,,,,,,,(0X + 1) - (0X + 0),,1,1,1,1,1,1,1,1,1,1,,1,1,,,,,,,(0X + 1) - (0X + 0),,0/1,0/1,0/1,0/1,0/1,0/1,0/1,0/1,0/1,0/1,,0/1,0/1,,
,1X + 1,"1.111r -->> 1, 2, 3, 4, 5, 6, 7, 8, 9, 1 ad inf",1,2,3,4,5,6,7,8,9,1,,2,3,1,,6,,1X + 0,,0,1,2,3,4,5,6,7,8,9,,1,2,9,,3,,,(1X + 0) + (1X + 1),,1,3,5,7,9,2,4,6,8,1,,3,5,,1,,9,,,,(1X + 0) - (1X + 1),,1,1,1,1,1,1,1,1,1,1,,1,1,,,,,,,,,(1X + 1) - (1X + 0),,1,1,1,1,1,1,1,1,1,1,,1,1,,,,,,,(1X + 1) - (1X + 0),,0/1,1/3,1/5,1/7,1/9,1/2,1/4,1/6,1/8,1,,1/3,1/5,,
,2X + 1,"1.222r -->> 1, 3, 5, 7, 9, 2, 4, 6, 8, 1 ad inf",1,3,5,7,9,2,4,6,8,1,,3,5,1,,9,,2X + 0,,0,2,4,6,8,1,3,5,7,9,,2,4,9,,6,,,(2X + 0) + (2X + 1),,1,5,9,4,8,3,7,2,6,1,,5,9,,1,,6,,,,(2X + 0) - (2X + 1),,1,1,1,1,1,1,1,1,1,1,,1,1,,,,,,,,,(2X + 1) - (2X + 0),,1,1,1,1,1,1,1,1,1,1,,1,1,,,,,,,(2X + 1) - (2X + 0),,0/1,1/5,1/9,1/4,1/8,1/3,1/7,1/2,1/6,1,,1/5,1/9,,
,3X + 1,"1.333r -->> 1, 4, 7, 1, 4, 7, 1, 4, 7, 1 ad inf",1,4,7,1,4,7,1,4,7,1,,4,7,1,,3,,3X + 0,,0,3,6,9,3,6,9,3,6,9,,3,6,9,,9,,,(3X + 0) + (3X + 1),,1,7,4,1,7,4,1,7,4,1,,7,4,,1,,3,,,,(3X + 0) - (3X + 1),,1,1,1,1,1,1,1,1,1,1,,1,1,,,,,,,,,(3X + 1) - (3X + 0),,1,1,1,1,1,1,1,1,1,1,,1,1,,,,,,,(3X + 1) - (3X + 0),,0/1,1/7,1/4,1,1/7,1/4,1,1/7,1/4,1,,1/7,1/4,,
,4X + 1,1.444 -->> ,1,5,9,4,8,3,7,2,6,1,,5,9,1,,6,,4X + 0,,0,4,8,3,7,2,6,1,5,9,,4,8,9,,3,,,(4X + 0) + (4X + 1),,1,9,8,7,6,5,4,3,2,1,,9,8,,1,,9,,,,(4X + 0) - (4X + 1),,1,1,1,1,1,1,1,1,1,1,,1,1,,,,,,,,,(4X + 1) - (4X + 0),,1,1,1,1,1,1,1,1,1,1,,1,1,,,,,,,(4X + 1) - (4X + 0),,0/1,1/9,1/8,1/7,1/6,1/5,1/4,1/3,1/2,1,,1/9,1/8,,
,5X + 1,etc,1,6,2,7,3,8,4,9,5,1,,6,2,1,,9,,5X + 0,,0,5,1,6,2,7,3,8,4,9,,5,1,9,,6,,,(5X + 0) + (5X + 1),,1,2,3,4,5,6,7,8,9,1,,2,3,,1,,6,,,,(5X + 0) - (5X + 1),,1,1,1,1,1,1,1,1,1,1,,1,1,,,,,,,,,(5X + 1) - (5X + 0),,1,1,1,1,1,1,1,1,1,1,,1,1,,,,,,,(5X + 1) - (5X + 0),,0/1,1/2,1/3,1/4,1/5,1/6,1/7,1/8,1/9,1,,1/2,1/3,,
,6X + 1,etc,1,7,4,1,7,4,1,7,4,1,,7,4,1,,3,,6X + 0,,0,6,3,9,6,3,9,6,3,9,,6,3,9,,9,,,(6X + 0) + (6X + 1),,1,4,7,1,4,7,1,4,7,1,,4,7,,1,,3,,,,(6X + 0) - (6X + 1),,1,1,1,1,1,1,1,1,1,1,,1,1,,,,,,,,,(6X + 1) - (6X + 0),,1,1,1,1,1,1,1,1,1,1,,1,1,,,,,,,(6X + 1) - (6X + 0),,0/1,1/4,1/7,1,1/4,1/7,1,1/4,1/7,1,,1/4,1/7,,
,7X + 1,etc,1,8,6,4,2,9,7,5,3,1,,8,6,1,,6,,7X + 0,,0,7,5,3,1,8,6,4,2,9,,7,5,9,,3,,,(7X + 0) + (7X + 1),,1,6,2,7,3,8,4,9,5,1,,6,2,,1,,9,,,,(7X + 0) - (7X + 1),,1,1,1,1,1,1,1,1,1,1,,1,1,,,,,,,,,(7X + 1) - (7X + 0),,1,1,1,1,1,1,1,1,1,1,,1,1,,,,,,,(7X + 1) - (7X + 0),,0/1,1/6,1/2,1/7,1/3,1/8,1/4,1/9,1/5,1,,1/6,1/2,,
,8X + 1,etc,1,9,8,7,6,5,4,3,2,1,,9,8,1,,9,,8X + 0,,0,8,7,6,5,4,3,2,1,9,,8,7,9,,6,,,(8X + 0) + (8X + 1),,1,8,6,4,2,9,7,5,3,1,,8,6,,1,,6,,,,(8X + 0) - (8X + 1),,1,1,1,1,1,1,1,1,1,1,,1,1,,,,,,,,,(8X + 1) - (8X + 0),,1,1,1,1,1,1,1,1,1,1,,1,1,,,,,,,(8X + 1) - (8X + 0),,0/1,1/8,1/6,1/4,1/2,1/9,1/7,1/5,1/3,1,,1/8,1/6,,
,9X + 1,etc,1,1,1,1,1,1,1,1,1,1,,1,1,1,,3,,9X + 0,,0,9,9,9,9,9,9,9,9,9,,9,9,9,,9,,,(9X + 0) + (9X + 1),,1,1,1,1,1,1,1,1,1,1,,1,1,,1,,3,,,,(9X + 0) - (9X + 1),,1,1,1,1,1,1,1,1,1,1,,1,1,,,,,,,,,(9X + 1) - (9X + 0),,1,1,1,1,1,1,1,1,1,1,,1,1,,,,,,,(9X + 1) - (9X + 0),,0/1,1,1,1,1,1,1,1,1,1,,1,1,,
,,,,,,,,,,,,,,,,,,,,,,,,,,,,,,,,,,,,,,,,,,,,,,,,,,,,,,,,,,,,,,,,1,,,,,,,,,,,,,,,,,,,,,,,,,,,,,,,,,,,,,,,,,,,,,,,,,,,,,,,,,,
,10X + 1,etc,1,2,3,4,5,6,7,8,9,1,,2,3,,,6,,10X + 0,,0,1,2,3,4,5,6,7,8,9,,1,2,,,3,,,(10X + 0) + (10X + 1),,0/1,3,5,7,9,2,4,6,8,1,,3,5,,,,9,,,,(10X + 0) - (10X + 1),,1,1,1,1,1,1,1,1,1,1,,1,1,,sum,,,,,,,(10X + 1) - (10X + 0),,1,1,1,1,1,1,1,1,1,1,,1,1,,sum,,,,,(10X + 1) - (10X + 0),,0/1,1/3,1/5,1/7,1/9,1/2,1/4,1/6,1/8,1,,1/3,1/5,,sum
,11X + 1,etc,1,3,5,7,9,2,4,6,8,1,,3,5,,,9,,11X + 0,,0,2,4,6,8,1,3,5,7,9,,2,4,,,6,,,(11X + 0) + (11X + 1),,0/1,5,9,4,8,3,7,2,6,1,,5,9,,,,6,,,,(11X + 0) - (11X + 1),,1,1,1,1,1,1,1,1,1,1,,1,1,,,,,,,,,(11X + 1) - (11X + 0),,1,1,1,1,1,1,1,1,1,1,,1,1,,,,,,,(11X + 1) - (11X + 0),,0/1,1/5,1/9,1/4,1/8,1/3,1/7,1/2,1/6,1,,1/5,1,,
,,,,,,,,,,,,,,,,,,,,,,,,,,,,,,,,,,,,,,,,,,,,,,,,,,,,,,,,,,,,,,,,,,,,,,,,,,,,,,,,,,,,,,,,,,,,,,,,,,,,,,,,,,,,,,,,,,,,,,,,,,
,,,,,,,,,,,,,,Sum,4,1,1,3,9,,,,,,,,,,,,,,Sum,9,0,9,0,9,,,,,,,,,,,,,,,Sum,4,,1,1,3,9,,,,,,,,,,,,,,,,,,,,,,,,,,,,,,,,,,,,,,,,,,,,,,,,,,,,,,,,,,,,,,,
,,,,,,,,,,,,,,sum of dif,9,2,9,9,6,,,,,,,,,,,,,,sum of dif,9,9,9,3,9,,,,,,,,,,,,,,,sum of dif,9,,2,9,3,6,,,,,,,,,,,,,,,,,,,,,,,,,,,,,,,,,,,,,,,,,,,,,,,,,,,,,,,,,,,,,,,
,,,,,,,,,,,,,,,,3,8,9,9,,,,,,,,,,,,,,,,9,9,9,6,,,,,,,,,,,,,,,,,,3,8,9,6,,,,,,,,,,,,,,,,Sum,4,,,,,,,,,,,,,,,,,,,,,,Sum,4,,,,,,,,,,,,,,,,,,,,Sum,4/6/8/1/5,,
,,,,,,,,,,,,,,,,4,7,3,9,,,,,,,,,,,,,,,,9,9,9,9,,,,,,,,,,,,,,,,,,4,7,3,9,,,,,,,,,,,,,,,,sum of dif,0,,,,,,,,,,,,,,,,,,,,,,sum of dif,0,,,,,,,,,,,,,,,,,,,,sum of dif,0,,
,,,,,,,,,,,,,,,,5,6,9,6,,,,,,,,,,,,,,,,9,9,3,9,,,,,,,,,,,,,,,,,,5,6,3,6,,,,,,,,,,,,,,,,,,,,,,,,,,,,,,,,,,,,,,,,,,,,,,,,,,,,,,,,,,,,,,,
,,,,,,,,,,,,,,,,6,5,9,9,,,,,,,,,,,,,,,,9,9,9,6,,,,,,,,,,,,,,,,,,6,5,9,6,,,,,,,,,,,,,,,,,,,,,,,,,,,,,,,,,,,,,,,,,,,,,,,,,,,,,,,,,,,,,,,
,,,,,,,,,,,,,,,,7,4,3,9,,,,,,,,,,,,,,,,9,9,9,9,,,,,,,,,,,,,,,,,,7,4,3,9,,,,,,,,,,,,,,,,,,,,,,,,,,,,,,,,,,,,,,,,,,,,,,,,,,,,,,,,,,,,,,,
,,,,,,,,,,,,,,,,8,3,9,6,,,,,,,,,,,,,,,,9,9,3,9,,,,,,,,,,,,,,,,,,8,3,3,6,,,,,,,,,,,,,,,,,,,,,,,,,,,,,,,,,,,,,,,,,,,,,,,,,,,,,,,,,,,,,,,
,,,,,,,,,,,,,,,,9,2,9,9,,,,,,,,,,,,,,,,9,9,9,6,,,,,,,,,,,,,,,,,,9,2,9,6,,,,,,,,,,,,,,,,,,,,,,,,,,,,,,,,,,,,,,,,,,,,,,,,,,,,,,,,,,,,,,,
,,,,,,,,,,,,,,,,1,1,3,9,,,,,,,,,,,,,,,,9,9,9,9,,,,,,,,,,,,,,,,,,1,1,3,9,,,,,,,,,,,,,,,,,,,,,,,,,,,,,,,,,,,,,,,,,,,,,,,,,,,,,,,,,,,,,,,
,,,,,,,,,,,,,,,,,,9,6,,,,,,,,,,,,,,,,,,3,9,,,,,,,,,,,,,,,,,,,,,,,,,,,,,,,,,,,,,,,,,,,,,,,,,,,,,,,,,,,,,,,,,,,,,,,,,,,,,,,,,,,,
,,,,,,,,,,,,,,,,,,9,9,,,,,,,,,,,,,,,,,,9,6,,,,,,,,,,,,,,,,,,,,,,,,,,,,,,,,,,,,,,,,,,,,,,,,,,,,,,,,,,,,,,,,,,,,,,,,,,,,,,,,,,,,
,,,,,,,,,,,,,,,,,,,,,,,,,,,,,,,,,,,,,,,,,,,,,,,,,,,,,,,,,,,,,,,,,,,,,,,,,,,,,,,,,,,,,,,,,,,,,,,,,,,,,,,,,,,,,,,,,,,,,,,,,,
,,,,,,,,,,,,,,,,,,,,,,,,,,,,,,,,,,,,,,,,,,,,,,,,,,,,,,,,,,,,,,,,,,,,,,,,,,,,,,,,,,,,,,,,,,,,,,,,,,,,,,,,,,,,,,,,,,,,,,,,,,
,,,,,,,,,,,,,,,,,,,,,,,,,,,,,,,,,,,,,,,,,,,,,,,,,,,,,,,,,,,,,,,,,,,,,,,,,,,,,,,,,,,,,,,,,,,,,,,,,,,,,,,,,,,,,,,,,,,,,,,,,,
,,,,,,,,,,,,,,,,,,,,,,,,,,,,,,,,,,,,,,,,,,,,,,,,,,,,,,,,,,,,,,,,,,,,,,,,,,,,,,,,,,,,,,,,,,,,,,,,,,,,,,,,,,,,,,,,,,,,,,,,,,
,,,,,,,,,,,,,,,,,,,,,,,,,,,,,,,,,,,,,,,,,,,,,,,,,,,,,,,,,,,,,,,,,,,,,,,,,,,,,,,,,,,,,,,,,,,,,,,,,,,,,,,,,,,,,,,,,,,,,,,,,,
,,,,,,,,,,,,,,,,,,,,,,,,,,,,,,,,,,,,,,,,,,,,,,,,,,,,,,,,,,,,,,,,,,,,,,,,,,,,,,,,,,,,,,,,,,,,,,,,,,,,,,,,,,,,,,,,,,,,,,,,,,
"Could digi root in different moduli depending on the length of matrix dimenions, which correspond to a modular set (here we are doing mod12 and mod10) ",,,,,,,,,,,,,,,,"Factors of 2125 are 5 * 5 * 5 * 17. Number 2125 has 8 divisors: 1, 5, 17, 25, 85, 125, 425, 2125. Sum of the divisors is 2808.",,"Factors of 4500 are 2 * 2 * 3 * 3 * 5 * 5 * 5. Number 4500 has 36 divisors: 1, 2, 3, 4, 5, 6, 9, 10, 12, 15, 18, 20, 25, 30, 36, 45, 50, 60, 75, 90, 100, 125, 150, 180, 225, 250, 300, 375, 450, 500, 750, 900, 1125, 1500, 2250, 4500. Sum of the divisors is 14196. - ",,,,,,,,,,,,,,,,,"Factors of 2025 are 3 * 3 * 3 * 3 * 5 * 5. Number 2025 has 15 divisors: 1, 3, 5, 9, 15, 25, 27, 45, 75, 81, 135, 225, 405, 675, 2025. Sum of the divisors is 3751. - Square root of the number 2025 is 45.",,"Factors of 4356 are 2 * 2 * 3 * 3 * 11 * 11. Number 4356 has 27 divisors: 1, 2, 3, 4, 6, 9, 11, 12, 18, 22, 33, 36, 44, 66, 99, 121, 132, 198, 242, 363, 396, 484, 726, 1089, 1452, 2178, 4356. - Square root of the number 4356 is 66.",,,,,,,,,,,,,,,,,,,,"The factors of 4150 include both positive and negative numbers. The positive factors are 1, 2, 5, 10, 25, 50, 83, 166, 415, 830, 2075, and 4150.
 These factors can be paired to give the product 4150, such as 1 × 4150, 2 × 2075, 5 × 830, 10 × 415, 25 × 166, and 50 × 83.
 The negative factors are the negatives of these positive factors: -1, -2, -5, -10, -25, -50, -83, -166, -415, -830, -2075, and -4150.

Thus, the total number of factors of 4150 is 24, with 12 positive and 12 negative factors.",,,"Factors of 8856 are 2 * 2 * 2 * 3 * 3 * 3 * 41. Number 8856 has 32 divisors: 1, 2, 3, 4, 6, 8, 9, 12, 18, 24, 27, 36, 41, 54, 72, 82, 108, 123, 164, 216, 246, 328, 369, 492, 738, 984, 1107, 1476, 2214, 2952, 4428, 8856. Sum of the divisors is 25200.",,,,,,,,,,,,,,,,,,,,,,,,,,,,,,,,,,,,,,,,,,,,,,,,,,,,,,,,,,,,,,
,,,,,,,,,,,,,,,,"Factors of 2115 are 3 * 3 * 5 * 47. Number 2115 has 12 divisors: 1, 3, 5, 9, 15, 45, 47, 141, 235, 423, 705, 2115. Sum of the divisors is 3744.",,"Factors of 4488 are 2 * 2 * 2 * 3 * 11 * 17. Number 4488 has 32 divisors: 1, 2, 3, 4, 6, 8, 11, 12, 17, 22, 24, 33, 34, 44, 51, 66, 68, 88, 102, 132, 136, 187, 204, 264, 374, 408, 561, 748, 1122, 1496, 2244, 4488. Sum of the divisors is 12960.",,,,,,,,,,,,,,,,,,,,,,,,,,,,,,,,,,,,,,,"Factors of 4140 are 2 * 2 * 3 * 3 * 5 * 23. Number 4140 has 36 divisors: 1, 2, 3, 4, 5, 6, 9, 10, 12, 15, 18, 20, 23, 30, 36, 45, 46, 60, 69, 90, 92, 115, 138, 180, 207, 230, 276, 345, 414, 460, 690, 828, 1035, 1380, 2070, 4140. Sum of the divisors is 13104.  -  It is a Bell number. - A Bell number is the number of ways a set of n elements can be partitioned into nonempty subsets. For example, the set {1, 2, 3} can be partitioned in five ways, so B3 = 5. The Bell number B8, which represents the number of ways to partition a set of 8 elements into nonempty subsets, is 4140.",,,"Factors of 8844 are 2 * 2 * 3 * 11 * 67. Number 8844 has 24 divisors: 1, 2, 3, 4, 6, 11, 12, 22, 33, 44, 66, 67, 132, 134, 201, 268, 402, 737, 804, 1474, 2211, 2948, 4422, 8844. Sum of the divisors is 22848.             ",,,,,,,,,,,,,,,,,,,,,,,,,,,,,,,,,,,,,,,,,,,,,,,,,,,,,,,,,,,,,,
,,,,,,,,,,,,,,,,,,,,,,,,,,,,,,,,,,,,,,,,,,,,,,,,,,,,,,,,,,,,,,,,,,,,,,,,,,,,,,,,,,,,,,,,,,,,,,,,,,,,,,,,,,,,,,,,,,,,,,,,,,
,,,,,,,,,,,,,,,,,,,,,,,,,,,,,,,,,,,,,,,,,,,,,,,,,,,,,,,,,,,,,,,,,,,,,,,,,,,,,,,,,,,,,,,,,,,,,,,,,,,,,,,,,,,,,,,,,,,,,,,,,,
,,,,,,,,,,,,,,,,,,,,,,,,,,,,,,,,,,,,,,,,,,,,,,,,,,,,,,,,,,,,,,,,,,,,,,,,,,,,,,,,,,,,,,,,,,,,,,,,,,,,,,,,,,,,,,,,,,,,,,,,,,
,,,,,,,,,,,,,,,,,,,,,,,,,,,,,,,,,,,,,,,,,,,,,,,,,,,,,,,,,,,,,,,,,,,,,,,,,,,,,,,,,,,,,,,,,,,,,,,,,,,,,,,,,,,,,,,,,,,,,,,,,,
"A nonagonal number, or an enneagonal number, is a figurate number that extends the concept of triangular and square numbers to the nonagon (a nine-sided polygon).[1] However, unlike the triangular and square numbers, the patterns involved in the construction of nonagonal numbers are not rotationally symmetrical. Specifically, the nth nonagonal number counts the dots in a pattern of n nested nonagons, all sharing a common corner, where the ith nonagon in the pattern has sides made of i dots spaced one unit apart from each other. The nonagonal number for n is given by the formula:[2]",,,,,,,,,,,,,,,,,,,,,,,,,,,,,,,,,,,,,,,,,,,,,,,,,,,,,,,,,,,,,,,,,,,,,,,,,,,,,,,,,,,,,,,,,,,,,,,,,,,,,,,,,,,,,,,,,,,,,,,,,,
,,,,,,,,,,,,,,,,,,,,,,,,,,,,,,,,,,,,,,,,,,,,,,,,,,,,,,,,,,,,,,,,,,,,,,,,,,,,,,,,,,,,,,,,,,,,,,,,,,,,,,,,,,,,,,,,,,,,,,,,,,
.,,,,,,,,,,,,,,,,,,,,,,,,,,,,,,,,,,,,,,,,,,,,,,,,,,,,,,,,,,,,,,,,,,,,,,,,,,,,,,,,,,,,,,,,,,,,,,,,,,,,,,,,,,,,,,,,,,,,,,,,,,
Nonagonal numbers,,,,,,,,,,,,,,,,,,,,,,,,,,,,,,,,,,,,,,,,,,,,,,,,,,,,,,,,,,,,,,,,,,,,,,,,,,,,,,,,,,,,,,,,,,,,,,,,,,,,,,,,,,,,,,,,,,,,,,,,,,
[edit],,,,,,,,,,,,,,,,,,,,,,,,,,,,,,,,,,,,,,,,,,,,,,,,,,,,,,,,,,,,,,,,,,,,,,,,,,,,,,,,,,,,,,,,,,,,,,,,,,,,,,,,,,,,,,,,,,,,,,,,,,
,,,,,,,,,,,,,,,,,,,,,,,,,,,,,,,,,,,,,,,,,,,,,,,,,,,,,,,,,,,,,,,,,,,,,,,,,,,,,,,,,,,,,,,,,,,,,,,,,,,,,,,,,,,,,,,,,,,,,,,,,,
The first few nonagonal numbers are:,,,,,,,,,,,,,,,,,,,,,,,,,,,,,,,,,,,,,,,,,,,,,,,,,,,,,,,,,,,,,,,,,,,,,,,,,,,,,,,,,,,,,,,,,,,,,,,,,,,,,,,,,,,,,,,,,,,,,,,,,,
,,,,,,,,,,,,,,,,,,,,,,,,,,,,,,,,,,,,,,,,,,,,,,,,,,,,,,,,,,,,,,,,,,,,,,,,,,,,,,,,,,,,,,,,,,,,,,,,,,,,,,,,,,,,,,,,,,,,,,,,,,
"0, 1, 9, 24, 46, 75, 111, 154, 204, 261, 325, 396, 474, 559, 651, 750, 856, 969, 1089, 1216, 1350, 1491, 1639, 1794, 1956, 2125, 2301, 2484, 2674, 2871, 3075, 3286, 3504, 3729, 3961, 4200, 4446, 4699, 4959, 5226, 5500, 5781, 6069, 6364, 6666, 6975, 7291, 7614, 7944, 8281, 8625, 8976, 9334, 9699 (sequence A001106 in the OEIS).",,,,,,,,,,,,,,,,,,,,,,,,,,,,,,,,,,,,,,,,,,,,,,,,,,,,,,,,,,,,,,,,,,,,,,,,,,,,,,,,,,,,,,,,,,,,,,,,,,,,,,,,,,,,,,,,,,,,,,,,,,
,,,,,,,,,,,,,,,,,,,,,,,,,,,,,,,,,,,,,,,,,,,,,,,,,,,,,,,,,,,,,,,,,,,,,,,,,,,,,,,,,,,,,,,,,,,,,,,,,,,,,,,,,,,,,,,,,,,,,,,,,,
The parity of nonagonal numbers follows the pattern odd-odd-even-even.,,,,,,,,,,,,,,,,,,,,,,,,,,,,,,,,,,,,,,,,,,,,,,,,,,,,,,,,,,,,,,,,,,,,,,,,,,,,,,,,,,,,,,,,,,,,,,,,,,,,,,,,,,,,,,,,,,,,,,,,,,
,,,,,,,,,,,,,,,,,,,,,,,,,,,,,,,,,,,,,,,,,,,,,,,,,,,,,,,,,,,,,,,,,,,,,,,,,,,,,,,,,,,,,,,,,,,,,,,,,,,,,,,,,,,,,,,,,,,,,,,,,,
Relationship between nonagonal and triangular numbers,,,,,,,,,,,,,,,,,,,,,,,,,,,,,,,,,,,,,,,,,,,,,,,,,,,,,,,,,,,,,,,,,,,,,,,,,,,,,,,,,,,,,,,,,,,,,,,,,,,,,,,,,,,,,,,,,,,,,,,,,,
[edit],,,,,,,,,,,,,,,,,,,,,,,,,,,,,,,,,,,,,,,,,,,,,,,,,,,,,,,,,,,,,,,,,,,,,,,,,,,,,,,,,,,,,,,,,,,,,,,,,,,,,,,,,,,,,,,,,,,,,,,,,,
,,,,,,,,,,,,,,,,,,,,,,,,,,,,,,,,,,,,,,,,,,,,,,,,,,,,,,,,,,,,,,,,,,,,,,,,,,,,,,,,,,,,,,,,,,,,,,,,,,,,,,,,,,,,,,,,,,,,,,,,,,
"Letting  denote the nth nonagonal number, and using the formula  for the nth triangular number,",,,,,,,,,,,,,,,,,,,,,,,,,,,,,,,,,,,,,,,,,,,,,,,,,,,,,,,,,,,,,,,,,,,,,,,,,,,,,,,,,,,,,,,,,,,,,,,,,,,,,,,,,,,,,,,,,,,,,,,,,,
,,,,,,,,,,,,,,,,,,,,,,,,,,,,,,,,,,,,,,,,,,,,,,,,,,,,,,,,,,,,,,,,,,,,,,,,,,,,,,,,,,,,,,,,,,,,,,,,,,,,,,,,,,,,,,,,,,,,,,,,,,
.,,,,,,,,,,,,,,,,,,,,,,,,,,,,,,,,,,,,,,,,,,,,,,,,,,,,,,,,,,,,,,,,,,,,,,,,,,,,,,,,,,,,,,,,,,,,,,,,,,,,,,,,,,,,,,,,,,,,,,,,,,
Test for nonagonal numbers,,,,,,,,,,,,,,,,,,,,,,,,,,,,,,,,,,,,,,,,,,,,,,,,,,,,,,,,,,,,,,,,,,,,,,,,,,,,,,,,,,,,,,,,,,,,,,,,,,,,,,,,,,,,,,,,,,,,,,,,,,
[edit],,,,,,,,,,,,,,,,,,,,,,,,,,,,,,,,,,,,,,,,,,,,,,,,,,,,,,,,,,,,,,,,,,,,,,,,,,,,,,,,,,,,,,,,,,,,,,,,,,,,,,,,,,,,,,,,,,,,,,,,,,
.,,,,,,,,,,,,,,,,,,,,,,,,,,,,,,,,,,,,,,,,,,,,,,,,,,,,,,,,,,,,,,,,,,,,,,,,,,,,,,,,,,,,,,,,,,,,,,,,,,,,,,,,,,,,,,,,,,,,,,,,,,
,,,,,,,,,,,,,,,,,,,,,,,,,,,,,,,,,,,,,,,,,,,,,,,,,,,,,,,,,,,,,,,,,,,,,,,,,,,,,,,,,,,,,,,,,,,,,,,,,,,,,,,,,,,,,,,,,,,,,,,,,,
"If x is an integer, then n is the x-th nonagonal number. If x is not an integer, then n is not nonagonal.",,,,,,,,,,,,,,,,,,,,,,,,,,,,,,,,,,,,,,,,,,,,,,,,,,,,,,,,,,,,,,,,,,,,,,,,,,,,,,,,,,,,,,,,,,,,,,,,,,,,,,,,,,,,,,,,,,,,,,,,,,